Feature 1,Fearture 2,Target
2.376436124,-2.097149819,0
0.682497591,-1.404463403,0
2.382966426,-1.972147193,0
-1.408259255,2.770223154,2
2.753726915,0.292677797,1
-0.761554405,2.618741025,2
1.743731299,2.799494464,1
0.99092454,-1.956958449,0
2.001916104,2.224087367,1
-1.609657124,2.188198914,2
1.711582069,-1.715793358,0
-2.338444102,3.42241523,2
2.470888151,-2.120195201,0
3.277668126,-2.330329223,0
2.525007283,-1.950857852,0
2.08053113,3.216411091,1
-2.174219555,0.818416316,2
2.21111555,2.991915012,1
1.807470956,-2.128110213,0
-1.536572138,2.907668048,2
-1.910877533,1.478664147,2
-2.472209408,2.042358914,2
-0.270339956,-1.162956433,0
3.452452883,-2.882030434,0
-1.502166333,2.931929091,2
2.428154003,1.166202619,1
-3.402739836,1.741412548,2
-1.775384147,1.982374405,2
-0.963567872,2.037787597,2
0.845556177,-1.527539448,0
1.309770071,-1.795895078,0
1.799634379,1.454029841,1
-3.220700925,3.128496563,2
0.965854254,-1.943414141,0
1.983204495,1.065160781,1
1.899101923,2.431596137,1
3.522721628,-2.424026946,0
-2.624982311,2.62422134,2
-2.401016105,1.881008035,2
1.814910493,-1.881277054,0
-2.232713863,2.700848884,2
1.363353158,-1.911811339,0
-2.135372445,0.953828624,2
-1.649929163,2.303102829,2
1.892008792,0.775609859,1
2.477486521,0.986065074,1
1.418453406,2.717359385,1
2.223763747,-1.912632222,0
1.843665383,1.305802188,1
2.1562954,1.891592787,1
-2.784244284,2.450153296,2
2.23448133,1.564426635,1
-0.482625901,2.837140784,2
1.938368696,2.353936781,1
0.988909933,-1.660374702,0
1.381165961,2.996164973,1
2.126640114,0.597851179,1
2.052164076,2.251337345,1
1.035143238,-1.506701923,0
2.459905124,1.942623373,1
1.245349903,-1.874628305,0
-1.581070079,2.311486534,2
1.719413383,-1.836446924,0
1.908069512,2.056683995,1
1.86539227,1.62784196,1
-1.124699798,1.727872336,2
-1.137606779,3.281725374,2
-2.409349369,1.603750448,2
2.110283107,2.133303347,1
2.085032461,-1.80643147,0
-1.060174479,2.686922094,2
-1.16593821,2.055031658,2
1.733182828,-1.734528059,0
1.569462317,-1.88632795,0
3.457620363,-2.635078595,0
2.516222392,2.550753392,1
2.419442441,-2.156827909,0
1.366203239,-1.665877448,0
1.750256989,-1.687047732,0
-1.795557698,0.713399928,2
-0.972642129,1.952603792,2
-1.81595324,1.927318997,2
2.738095713,0.199483144,1
1.470542248,2.914997463,1
-1.587559184,3.314316463,2
2.253668804,-2.034362792,0
-4.662163253,1.541557061,2
-3.93273602,1.466980545,2
-1.536558372,2.492039716,2
1.648746561,2.036354592,1
0.517262407,-1.323025731,0
1.910039473,2.640458469,1
2.586833989,-2.403880314,0
-0.6201633,3.088568053,2
2.668616996,-2.351507747,0
2.018174346,2.321806378,1
1.742318982,1.243880766,1
2.338674377,1.109272272,1
1.623263669,2.896454924,1
-2.756797766,1.449828919,2
1.661168351,2.256256968,1
1.680558729,2.662756575,1
2.02524425,1.728978255,1
1.947565311,-1.971729734,0
2.185321623,-2.18123209,0
2.398048437,-2.282662811,0
3.52803653,-2.552339558,0
2.148433557,1.560759516,1
0.353818231,-1.205768328,0
1.712326704,2.91833216,1
0.434194624,-1.273241541,0
1.313137192,-1.9656121,0
-3.467124253,2.010198292,2
2.195502342,1.409446607,1
1.990587753,-1.576437255,0
1.727779504,1.282623423,1
-1.486726192,1.813252679,2
2.353915891,1.497131391,1
3.657753998,-2.84787911,0
2.281626407,-2.189539854,2
1.823869452,3.724563607,1
1.845964847,-1.910277551,0
-1.628884468,1.623822698,2
-1.391111884,1.758504946,2
2.963268468,-2.494020134,0
-3.824005023,1.515733691,2
-2.744653209,1.238343056,2
1.790316786,1.459547331,1
2.015531938,2.305673046,1
-0.687921699,2.610648738,2
-0.602050304,2.835683873,2
-0.44273178,-1.470286978,0
-0.042399633,3.484971701,2
1.869459443,-2.048848731,0
-1.136551402,2.140490071,2
1.571290004,-1.549093253,0
-2.801129177,2.779617788,2
2.149139682,1.023559911,1
3.184391413,-2.441465936,0
1.427509509,-1.658429143,0
-3.259953403,2.746187274,2
-2.417806587,1.946844545,2
2.483266158,1.788117584,1
2.143244443,2.840178624,1
-3.758962535,1.545341618,2
-0.846879869,1.389703564,2
-1.35854002,1.929202353,2
2.113948682,2.245049625,0
2.221187205,1.103347469,1
1.652728719,-1.919915255,0
2.095091858,2.727780677,1
1.953364783,2.809072136,1
1.064630095,-1.797033637,0
-1.825967257,2.170199346,2
1.812309266,2.250958269,1
2.095875703,3.198509763,1
1.838671059,2.331980818,1
2.506157409,-2.213530455,0
-2.743455955,1.866180321,2
2.336767225,0.430079992,1
1.853392378,1.672379824,1
2.290604758,1.964115606,1
-4.746725545,2.040047901,2
1.167230993,-1.725000072,0
1.589783871,2.797071724,1
-1.587912854,1.858890969,2
2.964128949,-2.402970358,0
2.747721543,-2.059732581,0
2.115715817,-2.021297153,0
-1.83456368,0.731214584,2
0.484649364,1.952411743,2
1.783986137,1.668633676,1
1.736051342,3.528906681,1
2.315787681,1.890042148,1
1.208216453,-1.883397649,0
-0.910962118,2.440855659,2
-3.050025462,1.191990812,2
2.041962434,2.148389466,1
2.075871155,1.892260971,1
1.427123717,2.360784427,1
1.58789989,3.57626748,1
-2.786122179,2.012084478,2
-2.531170365,3.679216465,2
-2.606988467,1.903133446,2
2.344861997,1.202387684,1
1.878905828,2.480746779,1
0.954686764,-1.699873034,0
2.645685188,-2.251588411,0
-0.707583885,2.947960883,2
1.99308657,1.746511463,1
0.967491729,-1.423980055,0
-2.190775583,2.827161682,2
1.730154021,2.40489006,1
0.991251874,-1.496142289,0
0.636649176,-1.516240347,0
0.964432097,-1.944512536,0
4.277542595,-3.192930388,0
-2.630943026,2.346340433,2
1.440563052,-2.004116247,0
2.316470297,1.854029671,1
2.375212866,1.620907164,1
1.698617801,1.870667682,1
2.233433455,2.997820518,1
-1.619653134,2.306409054,2
1.2353261,-1.757368435,0
-1.744905953,2.457637673,2
2.188132284,2.295199821,1
-0.517312706,2.571695815,2
2.033038173,2.243277215,1
-3.235802259,2.617309372,2
-1.033263193,2.832097369,2
2.554058844,-2.090346462,0
-1.824946456,2.151900745,2
2.077041419,-2.291540325,0
-1.76781192,1.097347954,2
1.140082008,3.743428692,1
1.658627263,-1.876217678,0
2.743545466,-1.976082685,2
2.142557699,0.348836262,1
-0.669770687,2.302647541,2
0.816328263,-1.140749311,0
2.653916193,-2.332917991,0
-1.325808242,2.254071004,2
-1.180691381,1.877239856,2
2.251642071,1.426452067,1
1.769019995,1.994316811,1
1.905413152,4.169175603,1
0.372833838,-1.457083808,0
2.187847575,3.298198312,1
3.333883693,-2.874401448,0
1.551536694,-1.937290102,0
-1.74941204,2.264279312,2
-1.925269962,2.348419277,2
2.257852981,0.622185875,1
1.864702192,2.775064721,1
2.2584293,-2.104571559,0
2.205159782,2.617120303,1
-2.897230367,0.093724578,2
1.800829824,1.493613515,1
1.944533401,2.682368231,1
-3.566259755,1.070355449,2
1.945473063,0.576306423,1
-2.59690965,1.914144443,2
4.589218388,-2.909812319,0
1.923403348,-2.237296173,0
-1.368584776,1.653053573,2
2.065400758,1.889927649,1
2.162572753,0.825368375,1
1.909913102,1.185603786,1
-3.341901465,1.636885298,0
-1.94076145,1.84253476,2
-0.946139014,1.598088391,2
2.505157543,-1.984970315,0
-2.304119722,2.432905309,2
2.423815274,-2.044325431,0
2.12085307,1.517588387,1
-2.238090583,1.987273666,2
1.170997314,-1.874365405,0
2.508401234,1.327194966,1
2.359276977,-1.981426392,0
2.07589348,-2.171559028,0
-1.994128592,1.676769785,2
1.854854016,2.505817461,1
2.104332767,-2.083673224,0
2.621163329,-2.211823354,0
-1.959032468,1.053313944,2
2.429335025,1.4999342,1
1.433863499,-1.636583368,0
-2.027453721,1.763867662,2
3.423222222,-2.479174291,0
1.952396556,2.145581927,1
1.662153365,1.882267769,1
0.894319441,-1.545744873,0
-2.450542669,2.19175505,2
2.419235391,0.737197182,1
3.388179224,-2.362573161,0
-1.252169318,1.978184034,2
-2.071102844,1.174765504,2
-1.509844325,0.810185641,2
1.939534588,2.011384759,1
1.929250631,2.03093623,1
2.112868411,-2.289105247,0
-2.284256178,2.005978462,2
1.208238492,-1.697751592,0
2.18636566,1.888644657,1
-2.386769696,1.509442874,2
-2.615286483,1.242958949,2
-2.586496617,1.306950808,2
2.138588683,2.675952,1
2.50116307,-1.811906723,0
3.287543401,-2.501586896,0
2.867246448,-2.23420388,0
-3.160812699,2.491823901,2
2.390096693,-2.328238642,0
1.420911658,1.982979781,1
-3.407806082,2.509657649,2
2.206546805,2.44900514,1
1.91312091,0.611072353,1
-2.119104645,2.83461664,2
1.168786192,-1.798316428,0
2.22090061,1.718698999,1
-1.624784544,1.838704323,2
-1.67237734,3.976152769,2
-1.251334103,2.015803135,2
1.43106723,3.300401254,1
2.015472286,1.84454328,1
3.497827114,-2.497291602,0
3.071787397,-2.208927611,0
1.705713037,1.854510906,1
1.872560905,3.316082941,1
2.367045206,2.582659716,1
2.357293427,-2.106045803,0
-2.414578888,2.234313844,2
2.003787295,2.135273313,1
1.870153262,2.705029083,1
1.651927026,-1.82986402,0
2.097872513,1.945748729,1
-0.294254028,2.923222102,2
-2.150240015,2.642816358,2
2.780213372,-2.553020914,0
-0.03038756,-1.523169987,0
1.860363149,1.799970111,1
1.826655487,1.760310729,1
3.604696141,-2.508156612,0
0.493284395,-1.623079967,0
2.164436623,3.085094109,1
2.213368105,-2.026547747,0
-2.14116938,2.670750896,2
2.80555127,-2.360929545,0
2.131083366,1.556849425,1
1.794179173,-2.120712355,0
-1.639074669,2.042720083,2
-1.696145409,3.237884856,2
-0.393858473,1.826945451,2
1.467149882,-1.712839624,0
-0.377020696,-1.079160047,0
-1.936041484,1.507268092,2
4.774795299,-2.998929417,0
2.059788762,2.15628785,1
2.22330056,-1.894344291,0
1.600101028,1.599951756,1
2.38562704,1.34347408,1
2.427587385,-2.243073943,0
2.323066166,0.589312504,1
-1.726095431,1.591214173,2
0.59892515,-1.322121961,0
-2.040711082,1.313484373,1
-3.542443769,3.293581585,2
-2.913610672,1.758523351,2
-0.935836735,2.296276112,2
1.917714949,2.412103694,1
0.989254244,-1.474655031,0
-2.43171773,1.046179588,2
1.990831082,-1.956039522,0
2.512258376,-2.05533744,0
2.399395109,-2.709388202,1
2.907641974,0.73233206,1
2.351641098,-2.206155051,0
-2.389325415,0.482946483,2
1.988605077,-1.796842917,0
3.135599763,-2.53048788,0
2.334761266,0.024521396,1
1.877973748,3.364573463,1
1.55820779,-2.215795207,0
2.307620445,1.31568571,1
2.367539125,1.247386886,1
2.2270342,-2.28725852,0
-2.366737184,1.655524145,2
-1.700634911,3.494220811,2
2.691970122,1.675078777,1
1.94325306,1.329734315,1
0.773194733,-1.632974867,0
1.730871521,2.753671972,1
-3.123552007,1.588584833,2
0.695462772,-1.725701481,0
-1.090289181,1.871391381,2
1.771864113,-1.898800319,0
-2.782852522,1.361764028,2
1.722617597,1.175930124,1
1.474955665,-1.601441825,0
1.344971392,-1.73717193,0
-0.672833599,1.822147917,2
0.601958723,-1.879409652,0
2.864039651,-2.358377898,0
2.616898661,2.45718584,1
2.111572704,-1.886152181,0
0.308407401,-1.088814119,1
2.325057601,-2.131245073,0
1.931102225,0.587254939,1
-2.243456387,2.454163562,2
-2.849165542,1.726182496,2
1.907821809,2.849172215,1
1.908429706,-2.193529673,0
-3.901338302,2.11222001,2
1.446737791,2.982669132,1
-0.708056714,2.767282667,2
2.073576621,2.10152074,1
1.913531198,2.350969463,1
2.244172707,2.256523487,1
-0.689228668,2.857664899,2
1.466298614,3.636801162,1
-1.832184879,2.09547271,2
2.224672127,0.967222681,1
1.721935241,2.476838543,1
0.867657157,-1.352682659,0
2.457993672,-2.038014224,0
1.469007465,-1.981070049,0
2.883710516,-2.288031963,0
1.754888718,4.123111903,1
2.249512257,0.902858102,1
2.22988474,0.995580756,1
-2.412447244,0.214475716,2
2.103672215,1.71299397,1
2.265752172,-2.316725748,0
-0.095117673,1.190247332,2
1.212750974,-1.60906893,0
2.235815114,2.116980851,1
-2.303693666,2.324489538,2
3.911992741,-2.6400648,0
2.455311785,1.89725313,1
-1.177857965,1.958263567,2
1.474297003,-1.907465216,0
1.994461139,-1.787220196,0
1.967548296,-2.142600048,0
3.47628167,-2.556388173,0
-1.804497233,1.704186917,2
0.622162637,-1.617245824,0
1.905276789,2.733228397,1
-2.687904663,2.75126396,2
1.188772922,3.717324199,1
0.704180634,-1.43635586,0
1.47754703,-1.694380491,0
-3.661690594,0.503241127,2
4.047679484,-2.58173337,0
-0.573540189,2.329976417,2
0.543057161,-1.690642867,0
-1.15521839,2.165336919,2
-1.014743628,1.063575256,2
1.44732218,-1.684924438,0
-0.275519327,-1.022642778,0
-2.849433383,1.71216481,2
1.075009791,3.325565661,1
2.313436058,1.885799624,1
-1.530963424,1.569878785,2
3.644874579,-2.706381398,0
-0.907565381,1.673698008,2
-0.938570893,1.927034885,2
2.178732366,-1.847032843,0
-1.516804236,1.822866506,2
1.866293031,2.598227487,1
-3.172475042,1.977881888,2
1.30826071,3.922770563,1
2.054184972,2.10881105,1
2.004415782,-2.103148233,0
2.590899483,-2.068180048,0
-1.474725357,2.484743751,2
1.234324186,1.836582571,1
1.404527702,-2.133533956,0
2.197280065,1.372173516,1
-1.854800678,1.403424437,2
1.824932942,-1.885374089,0
1.917303418,3.489465789,1
-2.917822533,0.140170896,2
-0.434724157,2.76465938,2
3.518941304,-2.660102033,0
-1.831561057,3.087366476,2
-2.497068755,2.870600655,2
-3.529117786,2.533768841,2
-2.767024667,1.395209952,2
-2.546560089,2.04584813,2
-2.672670913,2.072912048,2
1.596625348,-1.659903565,0
2.682640895,-2.07823202,0
2.516429355,1.931349256,1
-2.5550168,1.16651399,2
2.346585166,-1.862952431,0
2.467526746,-2.69656882,0
2.132851732,-1.861700089,1
2.383314486,-2.24553736,0
2.563167541,2.352553546,1
-2.495416922,1.738402488,2
2.203186028,1.704733105,1
2.350661136,1.274626633,1
-2.600124398,2.178085873,2
-2.491267974,2.919978839,2
2.491978601,-2.155798891,0
-0.478045901,1.106597365,2
-1.53072106,0.565806229,2
1.399383843,-1.848398532,0
2.609237836,1.373436176,1
1.752172295,1.262847213,1
1.969624427,2.099013057,1
0.753890166,-1.482500999,0
0.933673132,-1.387325182,0
-3.894845403,2.61053605,2
2.604569756,-2.405915789,0
1.681707828,-1.715889415,0
2.091449601,0.869506515,1
-2.720918416,2.804167314,2
-1.624331843,1.807442087,2
-2.244434106,0.543721977,2
-0.898142873,1.52647298,2
1.673291543,3.091294094,1
3.311544722,-2.358022771,0
-2.187356923,1.216764548,2
-1.346950942,2.211597331,2
-1.506458327,1.601940618,2
2.099020442,0.292654262,1
-2.959450824,2.75388063,2
-4.371857764,1.011438564,2
-2.734731473,1.855146434,2
2.249322718,1.68071523,1
-1.715799933,2.428419451,2
-1.290063449,1.987546859,2
2.212133345,0.525669254,1
-3.028451661,0.888597354,2
-1.260620457,2.444835155,2
-2.959642096,1.648882098,2
1.389057245,-1.672300173,0
1.855353662,2.486157162,1
-3.367950729,0.627363718,2
1.831990852,2.577433492,1
2.039441992,-1.88283061,0
-2.108077018,1.624348949,2
-1.14252066,1.85376812,2
1.436106561,1.905701886,1
-0.905426338,1.735354841,2
2.179464831,0.416533522,1
-0.565754863,2.029758102,2
0.887910868,-1.514490888,0
2.995024476,-2.484493323,0
-0.897230851,1.919340577,2
0.239151627,2.617616582,2
1.971813825,-2.061470824,0
2.589152701,-2.440382922,0
0.068792642,3.081816359,2
-2.653631439,1.143751898,2
-1.916710179,2.838973731,2
2.04727777,1.904852014,1
2.586771528,-0.053878679,1
0.964020906,-1.302245451,0
-2.574133811,2.620979501,2
2.152323644,1.696390732,1
3.550430048,-2.693034715,0
-2.356015973,1.853881402,2
0.735346084,-1.681911239,0
2.322132357,-2.236595914,0
-3.165606729,1.897176006,2
-1.144312288,0.828201838,2
-0.033119078,3.355991161,2
-3.971815201,1.629175461,2
2.583232261,0.81320742,1
2.105554613,1.996976105,1
-1.762641596,2.490011489,2
3.436369103,-2.757734109,0
2.772143588,-2.380827793,0
-1.713147227,2.449585761,2
0.75640513,-1.618844224,0
0.667233567,-1.577727921,0
2.02872399,1.966271037,1
1.422287681,3.008646031,1
1.681355518,3.013260731,1
2.071432986,1.510326306,1
2.740926693,1.169069931,1
1.471871426,3.207224765,1
-2.122947802,0.224199061,2
3.158790668,-2.358287317,0
-2.818353155,1.510862103,2
0.237594089,2.485295755,2
-2.167082333,1.320112361,2
2.297431547,-2.081143215,0
1.378127219,-1.911757413,0
2.20264393,1.385213674,1
-1.468355285,0.588781519,2
-1.815200594,3.130582963,2
2.531953428,0.774744689,1
-1.490771073,1.713337593,2
-4.16098472,2.870692783,2
-3.029315487,1.927245668,2
1.941946284,2.115570459,1
2.117944031,2.383657709,1
1.63350611,2.925856994,1
2.363140142,0.413668446,1
2.39098979,1.493622361,1
1.793964202,-2.132195842,0
-0.978928296,1.18753389,2
2.322762862,1.095210836,1
-0.638398467,2.991645117,2
-1.104615571,1.481868512,2
-2.224627669,1.763898183,2
2.284066675,1.266353409,1
2.590177889,-1.991301178,0
1.149765541,-1.464520547,0
1.699731196,1.786796536,1
-0.608330245,2.5160069,2
2.084664773,1.186092298,1
-2.242024907,2.252637571,2
-3.683238944,1.493203532,2
3.11634063,-2.505075591,0
1.886367464,1.408495434,1
2.391824466,1.360227709,1
-1.018296199,2.038481714,2
1.715505288,-1.789332224,0
1.937621259,-2.202469808,0
2.373528376,2.222385451,1
2.190800535,2.175338985,1
2.350785339,1.168313747,1
1.834059436,-2.048545035,0
2.55524996,-2.116071426,0
1.512030632,2.140171509,1
3.483591899,-2.678976921,0
-1.717900614,2.192127362,0
2.133627965,2.863785596,1
-3.627360764,0.698855777,2
1.378080102,-1.959844456,0
1.210444113,4.521515607,1
1.941889554,3.093974484,1
-4.018429692,1.631737493,2
2.082273838,-1.740703669,0
2.920262369,-1.877667965,0
-2.859713857,1.759761888,2
1.682010608,2.424176841,1
1.89698492,1.411230033,1
3.550760619,-2.701793304,0
2.299757974,2.637107755,1
-1.510059638,2.826056083,2
-0.982313506,2.457930098,2
2.065866163,2.342541773,1
2.998912384,-2.221497661,0
2.401489167,-2.18328011,0
-3.349497034,3.220120946,2
2.164377009,-2.188480417,0
-2.463272282,2.228340116,2
-1.538794603,1.556402737,2
2.154061572,2.209586862,1
2.328185178,1.409910644,1
-1.426666677,2.453114212,2
-5.026352509,2.39776813,2
2.876606588,-2.391937264,0
2.430537888,1.2623466,1
1.968630833,-1.957509368,2
-0.82548578,1.340297268,2
1.26136854,3.586508426,1
1.430831001,4.504293992,1
-2.62530716,2.139331096,2
1.615874673,2.055549302,1
3.525471199,-2.774609229,0
1.970126949,2.524218865,1
1.525485751,2.740906316,1
3.425647313,-2.297745143,0
-3.681389004,2.229652808,2
2.103865019,-1.884279376,0
1.961520859,-1.989034015,0
-3.301508311,1.174335024,2
-2.455571551,2.66384217,2
1.323898053,-1.619163388,0
2.204569648,0.951571985,1
-2.227780262,1.149833671,2
-1.665618822,2.447212853,2
2.193527306,1.635381671,1
2.492607521,0.887060036,1
1.781382055,1.806408686,1
0.513419967,-1.27441581,0
2.297706395,1.072257897,1
1.119203947,-1.608926109,0
2.014351034,1.939698126,1
1.813567237,1.511215437,1
-2.491243662,2.035648629,2
-2.633430619,1.841484389,2
-2.17601198,2.223745488,2
2.742570579,-2.430541132,0
3.03723366,-2.367865904,0
1.993083459,-1.835491287,0
-1.404183893,1.961108753,2
1.477039109,-1.517475018,0
-1.985019127,1.179466194,2
-1.370414566,1.990860823,2
-2.549859323,0.913835096,2
2.341580996,1.820547733,1
-1.313571582,3.42021762,2
2.400399471,-2.05269152,0
-1.719604493,1.702485377,2
1.964389335,-2.138647518,0
-1.526849146,2.894646131,2
-1.995209067,1.039842893,2
2.16982298,0.975721113,1
1.956742479,-1.861854187,0
2.000385885,0.979366461,1
2.357608087,-2.17789967,0
-0.970983611,2.875376962,2
0.530120898,-1.533645213,0
-1.345294345,2.304366362,2
-2.387121233,2.439157622,2
2.020358076,2.657287752,1
2.780736607,-2.174534392,0
2.278100662,3.681921834,1
2.562320487,-2.151688926,0
0.173363172,-1.116825749,0
-1.74571875,0.855289189,2
1.79478573,-1.601075377,0
-1.444109001,1.711402669,2
2.027166424,0.279165428,1
-0.130576023,2.569563059,2
1.660213567,2.346653117,1
-3.996931919,2.080205828,2
2.180119595,1.320329829,1
-1.52729145,1.808059779,2
2.018151715,2.164972915,1
2.334772582,3.493161926,1
2.113783844,2.341121096,1
-2.471452064,2.332498419,2
2.65684072,-2.246510341,0
-1.267112384,1.10694463,2
-2.073896871,1.932383364,2
-1.835088215,2.931359077,2
1.995210352,1.337723663,1
1.008459371,-1.664395322,0
2.752890984,-2.274906239,0
3.065842783,-2.473106509,0
2.270795785,2.556946467,1
0.452165137,-1.172865142,0
2.077131748,-1.998391691,0
2.012323511,-2.398874301,0
2.272886568,-2.010636461,0
2.115265418,2.471086343,1
2.017792304,2.299996743,1
2.05219976,-2.030095699,0
2.176977139,1.398318104,1
1.816756232,1.295983791,1
1.308975486,-1.690611864,0
-1.243795929,1.868001815,2
-1.072937406,1.926316284,2
0.778404948,-1.539695083,0
-2.093338281,2.763166519,2
2.826130187,-2.188959594,0
2.047092481,2.348326114,1
1.684563699,-1.783011068,0
-1.494354743,1.919923754,2
2.073598574,1.574747365,1
1.492837272,-1.738714403,0
1.612528453,-2.053894241,0
1.653577659,2.372226891,1
0.695060796,-1.421805806,0
2.333544214,-2.415425962,0
1.732244034,-1.80401876,0
1.998100222,-2.208042921,0
0.612760528,-1.385708844,0
-1.263355892,3.573110286,2
1.603929447,4.780635959,1
1.943620846,-1.799428023,0
1.926291978,2.56339068,1
1.627366029,-1.75121762,0
-0.95123044,2.345864812,2
3.405402865,-2.760473747,0
-2.691163736,1.259482558,2
1.882896613,-1.985773916,0
-3.235222225,1.395368663,2
0.336342286,-1.504543797,0
3.262275901,-2.416387648,0
-2.317744764,1.097242782,2
1.311181924,-1.732078144,0
1.767405591,1.355483225,1
3.708184237,-2.517756355,0
1.789388471,2.876576238,1
1.834825034,2.967935798,1
1.860625503,1.806207751,1
2.732794714,0.545167501,1
3.866021377,-3.025435626,0
1.237940544,-1.674187706,0
2.204418613,2.078423172,1
-1.928364504,3.91792724,2
2.501007209,1.327143358,1
-1.251008036,3.240150018,2
1.935600835,-2.002524699,0
2.34181857,1.282521115,1
-5.466508357,1.140939179,2
2.35602516,-1.965200343,0
-1.733254774,1.897509258,2
2.126185346,1.126720852,1
3.295260822,-2.524861055,0
1.375060817,-1.833501283,0
1.075563488,-1.807533488,0
-1.8900311,1.313851398,2
1.707866297,-2.098594278,0
1.411042595,-1.678972766,0
2.410790147,1.171587431,1
2.335354242,1.316740642,1
1.717849506,3.650531396,1
-2.32726206,3.004186124,2
-1.688437009,2.530262464,2
2.065181948,2.248011093,1
-1.893344353,2.442701605,2
-2.47571663,2.686859837,2
-1.580446083,1.415337321,2
-0.207543336,2.513319135,2
2.294883876,1.870104323,1
2.233725966,1.779356701,1
-2.901142402,3.015738501,2
2.644115686,-2.270641761,0
2.063642238,-1.973099847,0
1.975323279,-1.979102178,0
0.600211027,-1.285800879,0
1.840961656,-2.363668193,0
1.988701688,-1.88696518,0
-1.635720734,3.585621932,2
-1.136543507,1.160987978,2
-2.374876603,2.593103689,2
-2.126426,1.359275404,2
0.962474159,-1.669318369,0
1.745045546,2.290176635,1
0.329318536,-1.610897464,0
1.952301936,2.034839012,1
1.933432626,1.522985353,1
-3.071051174,1.425863418,2
-2.357657277,3.052153526,2
1.613998782,2.316865338,1
1.904304634,0.845470405,1
3.505915369,-2.315801921,0
-1.690955643,1.737490691,1
1.868020957,-2.13503149,0
1.306613554,-1.733326846,0
2.257761525,1.497981574,1
2.220534384,1.932838058,1
1.862902139,2.576730587,1
1.361555336,-1.174148086,0
1.138853352,-1.957448442,0
2.344811103,1.268212774,1
1.815628465,3.581931282,1
-0.401655849,2.209982807,2
1.850590907,2.720459294,1
2.294444881,1.274858661,1
2.36724697,-2.322766891,0
3.520267381,-2.846023915,0
-1.421297894,3.431864468,2
-1.540774498,1.273064452,2
2.433387865,1.641886908,1
1.789780567,1.461349179,1
1.753132965,2.979169839,1
1.95700816,0.452291845,1
2.009496186,-1.684528253,0
2.416671714,2.384054256,1
2.173354037,-1.882173521,0
2.837513586,-2.375245044,0
-3.313717003,2.060430009,2
2.349121876,-1.924367988,0
-2.614777335,2.344044293,2
-0.615342916,2.864141652,2
2.350798995,1.329431858,1
2.294294334,-2.124868423,0
2.098973607,1.713040297,1
1.62169974,-2.000325416,0
-1.082495249,2.903976891,2
-1.602019697,1.668338892,2
0.288367034,-1.05539439,0
0.463129746,-1.25930911,0
1.80831111,2.845190742,1
2.019317189,0.631155085,1
-0.370698483,-1.243819968,0
-1.238921658,2.046075931,2
0.899217107,-1.751861621,0
2.161452673,1.803811154,1
2.236627619,1.890488863,1
2.815538561,-2.272185662,0
1.448898735,3.957749221,1
2.295266647,0.683822444,1
0.659679961,-1.522781254,0
-2.203617352,1.817844553,2
-0.759782409,2.531436936,2
2.40387932,-0.066442524,1
2.211454982,2.619455206,1
1.873669041,2.067558736,1
1.452296947,2.746400802,1
1.780427155,1.896974923,1
-3.779660072,2.647484054,2
0.916359609,-1.562684186,0
-1.521991088,2.329299642,2
1.984698448,-2.141066898,0
-1.720693878,1.079030405,2
1.957920193,1.598132918,1
2.345933065,-2.080810436,0
1.752480645,3.343447639,1
-3.61246432,2.128233096,2
2.483363896,0.972943297,1
-1.302336226,1.787027065,2
1.501076867,2.884281281,1
2.231036865,-1.915393673,0
1.580801646,1.667932646,1
2.336527435,-1.999523057,0
-1.424008762,1.616188119,2
-0.900231897,2.406252213,2
-2.826826672,1.158111398,2
-2.277212343,2.37431834,2
0.494268609,-1.236963335,0
2.523058254,1.108502997,1
1.093821334,-1.224839069,2
2.484603083,2.442950217,1
-3.375726576,1.261917542,2
-3.474379288,1.680676533,2
1.685271221,3.36632334,1
3.153089081,-2.556606911,0
2.505326131,1.006919064,1
-0.810639766,-0.890380254,0
-1.866379159,1.817988859,2
2.138482887,1.308407378,1
2.304900022,-2.299743948,0
1.547277521,2.977306584,1
1.49123956,-1.539484925,0
1.516853058,-1.716557071,0
1.666223824,-1.697946635,0
1.783560344,-2.012172989,0
-1.485123824,0.435527687,2
1.584275017,-1.907530255,0
2.080050786,1.344865057,1
3.304814583,-2.364422385,0
-2.256924071,2.269087801,2
2.858254499,-2.138359917,0
-2.212789612,3.098774673,2
-1.653661595,3.155685772,2
0.957587944,-1.607573402,0
2.48774772,-2.22224053,0
1.57846607,-1.630396281,0
2.733510423,-2.474628138,0
1.597359206,2.462414551,1
1.493628997,3.273979834,1
3.064648056,-2.757964053,0
-0.109529953,0.927026087,2
2.052812617,1.559080148,1
1.270174087,3.506690589,1
1.885887191,2.674217889,1
1.649493737,-1.956507214,0
1.320759493,-1.803551913,0
2.724784996,2.498896309,1
0.811665153,-1.796540565,1
-3.327083445,1.572866164,2
2.101365208,1.567087479,1
2.025961021,-1.823590371,0
-1.841042306,1.672468543,2
1.567883029,2.499856556,1
0.291352724,-1.46802972,0
1.631028629,-1.697787862,0
-2.622071605,2.471170285,2
-3.282602529,1.588802156,2
2.160148839,1.723772608,1
-3.474079303,1.273186976,2
-1.025505675,1.437586934,2
-1.0862864,1.182083489,2
2.506256135,1.858806774,1
1.456928308,2.967220819,1
2.550899916,-2.31176778,0
2.188121339,3.508200863,1
1.509083816,3.301982425,1
1.849396831,1.722035547,1
-1.101316696,3.335110269,2
2.180298284,2.815436296,1
2.514307957,-2.12228274,0
1.871159277,2.382148175,1
1.81155533,2.470895716,1
-4.030070558,1.813300809,2
1.266588926,-1.648878917,0
2.064032843,0.821513234,1
2.732188295,-1.92883639,0
-0.711134169,2.881898853,2
-2.194921523,2.060382608,2
-2.499545334,2.12142352,2
2.14031929,1.317771528,1
0.424906167,2.495208726,2
2.179029506,0.525958879,1
-3.015387413,2.278128357,2
-3.162981016,1.038565447,2
2.482565383,1.813297942,1
2.255066277,1.260721033,1
1.838207356,1.409039927,1
2.541404784,3.079689544,1
-1.226389594,2.51880502,2
1.368865076,-1.74389124,0
2.344194645,1.888445083,1
1.283729776,-1.860747697,0
2.557542266,-2.072446559,0
2.049191786,1.564578979,1
1.720658079,3.359077376,1
2.75404656,0.139047801,1
0.031744019,2.914324227,2
1.771405252,1.711943684,1
2.231303153,2.954097941,1
4.386534708,-3.194172911,0
2.960773638,-2.34237571,0
2.883373871,-2.664477129,0
-1.776067254,1.465115857,2
2.976110031,-2.295214579,0
1.181607799,-1.595557204,0
-1.159149034,3.023489746,2
1.808714963,-1.839802404,0
-1.990412882,1.801385749,2
1.385392032,-1.80775362,0
-0.172187121,-1.175789796,0
1.615523529,3.854597725,1
-0.275672465,2.898251563,2
1.349668826,2.48430256,1
-0.460182333,3.143114534,2
-1.936514777,1.511570235,0
